INSERT INTO Organization (id, version, name, full_name, inn, kpp, address) VALUES ( 1, 0, 'Cola', 'Coca-Cola', '34284438932',
                                                                          '1111333432', 'Moscow, 22' );
INSERT INTO Organization (id, version, name, full_name, inn, kpp, address) VALUES ( 2, 0, 'Pepsi', 'Pepsi-Cola HBC', '11114438932',
                                                                           '2222333432', 'Moscow, 20' );
INSERT INTO Office (id, version, org_id, name ) VALUES ( 1, 0, 1, 'HR' );
INSERT INTO Office (id, version, org_id, name ) VALUES ( 2, 0, 1, 'Developers' );
INSERT INTO Office (id, version, org_id, name ) VALUES ( 3, 0, 2, 'Testers' );
INSERT INTO Office (id, version, org_id, name ) VALUES ( 4, 0, 2, 'Jurists' );

INSERT INTO User_Position (id, position ) VALUES ( 1, 'Director' );
INSERT INTO User_Position (id, position ) VALUES ( 2, 'Developer' );

INSERT INTO Country(name,code) VALUES ('Australia',36);
INSERT INTO Country(name,code) VALUES ('Austria',40);
INSERT INTO Country(name,code) VALUES ('Azerbaijan',31);
INSERT INTO Country(name,code) VALUES ('Albania',8);
INSERT INTO Country(name,code) VALUES ('Algeria',12);
INSERT INTO Country(name,code) VALUES ('Anguilla',660);
INSERT INTO Country(name,code) VALUES ('Angola',24);
INSERT INTO Country(name,code) VALUES ('Andorra',20);
INSERT INTO Country(name,code) VALUES ('Antarctic',10);
INSERT INTO Country(name,code) VALUES ('Antigua and Barbuda',28);
INSERT INTO Country(name,code) VALUES ('Netherlands'' An lles',530);
INSERT INTO Country(name,code) VALUES ('Argentina',32);
INSERT INTO Country(name,code) VALUES ('Armenia',51);
INSERT INTO Country(name,code) VALUES ('Aruba',533);
INSERT INTO Country(name,code) VALUES ('Afghanistan',4);
INSERT INTO Country(name,code) VALUES ('Bahamas',44);
INSERT INTO Country(name,code) VALUES ('Bangladesh',50);
INSERT INTO Country(name,code) VALUES ('Barbados',52);
INSERT INTO Country(name,code) VALUES ('Bahrain',48);
INSERT INTO Country(name,code) VALUES ('Belarus',112);
INSERT INTO Country(name,code) VALUES ('Belize',84);
INSERT INTO Country(name,code) VALUES ('Belgium',56);
INSERT INTO Country(name,code) VALUES ('Benin',204);
INSERT INTO Country(name,code) VALUES ('Bermuda',60);
INSERT INTO Country(name,code) VALUES ('Bouvet Island',74);
INSERT INTO Country(name,code) VALUES ('Bulgaria',100);
INSERT INTO Country(name,code) VALUES ('Bolivia',68);
INSERT INTO Country(name,code) VALUES ('Bosnia & Herzegovina',70);
INSERT INTO Country(name,code) VALUES ('Botswana',72);
INSERT INTO Country(name,code) VALUES ('Brazil',76);
INSERT INTO Country(name,code) VALUES ('Brunei Darussalam',96);
INSERT INTO Country(name,code) VALUES ('Burkina Faso',854);
INSERT INTO Country(name,code) VALUES ('Burundi',108);
INSERT INTO Country(name,code) VALUES ('Bhutan',64);
INSERT INTO Country(name,code) VALUES ('Vanuatu',548);
INSERT INTO Country(name,code) VALUES ('Vatican (Holy See)',336);
INSERT INTO Country(name,code) VALUES ('Great Britain (United Kingdom)',826);
INSERT INTO Country(name,code) VALUES ('Hungary',348);
INSERT INTO Country(name,code) VALUES ('Venezuela',862);
INSERT INTO Country(name,code) VALUES ('Virgin Islands, British',92);
INSERT INTO Country(name,code) VALUES ('Virgin Islands, US',850);
INSERT INTO Country(name,code) VALUES ('American Samoa',16);
INSERT INTO Country(name,code) VALUES ('East Timor',626);
INSERT INTO Country(name,code) VALUES ('Viet Nam',704);
INSERT INTO Country(name,code) VALUES ('Gabon',266);
INSERT INTO Country(name,code) VALUES ('Haiti',332);
INSERT INTO Country(name,code) VALUES ('Guyana',328);
INSERT INTO Country(name,code) VALUES ('Gambia',270);
INSERT INTO Country(name,code) VALUES ('Ghana',288);
INSERT INTO Country(name,code) VALUES ('Guadeloupe',312);
INSERT INTO Country(name,code) VALUES ('Guatemala',320);
INSERT INTO Country(name,code) VALUES ('Guinea',324);
INSERT INTO Country(name,code) VALUES ('Guinea Bissau',624);
INSERT INTO Country(name,code) VALUES ('Germany',276);
INSERT INTO Country(name,code) VALUES ('Gibraltar',292);
INSERT INTO Country(name,code) VALUES ('Honduras',340);
INSERT INTO Country(name,code) VALUES ('Hong Kong',344);
INSERT INTO Country(name,code) VALUES ('Grenada',308);
INSERT INTO Country(name,code) VALUES ('Greenland',304);
INSERT INTO Country(name,code) VALUES ('Greece',300);
INSERT INTO Country(name,code) VALUES ('Georgia',268);
INSERT INTO Country(name,code) VALUES ('Guam',316);
INSERT INTO Country(name,code) VALUES ('Denmark',208);
INSERT INTO Country(name,code) VALUES ('Congo, Democratic Republic of the',180);
INSERT INTO Country(name,code) VALUES ('Djibouti',262);
INSERT INTO Country(name,code) VALUES ('Dominica',212);
INSERT INTO Country(name,code) VALUES ('Dominican Republic',214);
INSERT INTO Country(name,code) VALUES ('Egypt',818);
INSERT INTO Country(name,code) VALUES ('Zambia',894);
INSERT INTO Country(name,code) VALUES ('Western Sahara',732);
INSERT INTO Country(name,code) VALUES ('Zimbabwe',716);
INSERT INTO Country(name,code) VALUES ('Israel',376);
INSERT INTO Country(name,code) VALUES ('India',356);
INSERT INTO Country(name,code) VALUES ('Indonesia',360);
INSERT INTO Country(name,code) VALUES ('Jordan',400);
INSERT INTO Country(name,code) VALUES ('Iraq',368);
INSERT INTO Country(name,code) VALUES ('Iran',364);
INSERT INTO Country(name,code) VALUES ('Ireland',372);
INSERT INTO Country(name,code) VALUES ('Iceland',352);
INSERT INTO Country(name,code) VALUES ('Spain',724);
INSERT INTO Country(name,code) VALUES ('Italy',380);
INSERT INTO Country(name,code) VALUES ('Yemen',887);
INSERT INTO Country(name,code) VALUES ('Cape Verde',132);
INSERT INTO Country(name,code) VALUES ('Kazakhstan',398);
INSERT INTO Country(name,code) VALUES ('Cayman Islands',136);
INSERT INTO Country(name,code) VALUES ('Cambodia',116);
INSERT INTO Country(name,code) VALUES ('Cameroon',120);
INSERT INTO Country(name,code) VALUES ('Canada',124);
INSERT INTO Country(name,code) VALUES ('Qatar',634);
INSERT INTO Country(name,code) VALUES ('Kenya',404);
INSERT INTO Country(name,code) VALUES ('Cyprus',196);
INSERT INTO Country(name,code) VALUES ('Kirghizstan',417);
INSERT INTO Country(name,code) VALUES ('Kiribati',296);
INSERT INTO Country(name,code) VALUES ('China',156);
INSERT INTO Country(name,code) VALUES ('Cocos (Keeling) Islands',166);
INSERT INTO Country(name,code) VALUES ('Colombia',170);
INSERT INTO Country(name,code) VALUES ('Comoros',174);
INSERT INTO Country(name,code) VALUES ('Congo',178);
INSERT INTO Country(name,code) VALUES ('Costa Rica',188);
INSERT INTO Country(name,code) VALUES ('Cote d''Ivoire',384);
INSERT INTO Country(name,code) VALUES ('Cuba',192);
INSERT INTO Country(name,code) VALUES ('Kuwait',414);
INSERT INTO Country(name,code) VALUES ('Cook Islands',184);
INSERT INTO Country(name,code) VALUES ('Lao People''s Democratic Republic',418);
INSERT INTO Country(name,code) VALUES ('Latvia',428);
INSERT INTO Country(name,code) VALUES ('Lesotho',426);
INSERT INTO Country(name,code) VALUES ('Liberia',430);
INSERT INTO Country(name,code) VALUES ('Lebanon',422);
INSERT INTO Country(name,code) VALUES ('Libyan Arab Jamahiriya',434);
INSERT INTO Country(name,code) VALUES ('Lithuania',440);
INSERT INTO Country(name,code) VALUES ('Liechtenstein',438);
INSERT INTO Country(name,code) VALUES ('Luxembourg',442);
INSERT INTO Country(name,code) VALUES ('Mauritius',480);
INSERT INTO Country(name,code) VALUES ('Mauritania',478);
INSERT INTO Country(name,code) VALUES ('Madagascar',450);
INSERT INTO Country(name,code) VALUES ('Mayotte',175);
INSERT INTO Country(name,code) VALUES ('Macau (Macao)',446);
INSERT INTO Country(name,code) VALUES ('Macedonia',807);
INSERT INTO Country(name,code) VALUES ('Malawi',454);
INSERT INTO Country(name,code) VALUES ('Malaysia',458);
INSERT INTO Country(name,code) VALUES ('Mali',466);
INSERT INTO Country(name,code) VALUES ('Maldives',462);
INSERT INTO Country(name,code) VALUES ('Malta',470);
INSERT INTO Country(name,code) VALUES ('Marocco',504);
INSERT INTO Country(name,code) VALUES ('Martinique',474);
INSERT INTO Country(name,code) VALUES ('Marshall Islands',584);
INSERT INTO Country(name,code) VALUES ('Mexico',484);
INSERT INTO Country(name,code) VALUES ('Federated States of Micronesia',583);
INSERT INTO Country(name,code) VALUES ('Mozambique',508);
INSERT INTO Country(name,code) VALUES ('Moldova',498);
INSERT INTO Country(name,code) VALUES ('Monaco',492);
INSERT INTO Country(name,code) VALUES ('Mongolia',496);
INSERT INTO Country(name,code) VALUES ('Montserrat',500);
INSERT INTO Country(name,code) VALUES ('Myanmar',104);
INSERT INTO Country(name,code) VALUES ('Namibia',516);
INSERT INTO Country(name,code) VALUES ('Nauru',520);
INSERT INTO Country(name,code) VALUES ('Nepal',524);
INSERT INTO Country(name,code) VALUES ('Niger',562);
INSERT INTO Country(name,code) VALUES ('Nigeria',566);
INSERT INTO Country(name,code) VALUES ('Netherlands (Holland)',528);
INSERT INTO Country(name,code) VALUES ('Nicaragua',558);
INSERT INTO Country(name,code) VALUES ('Niue',570);
INSERT INTO Country(name,code) VALUES ('New Zealand',554);
INSERT INTO Country(name,code) VALUES ('New Caledonia',540);
INSERT INTO Country(name,code) VALUES ('Norway',578);
INSERT INTO Country(name,code) VALUES ('Norfolk Island',574);
INSERT INTO Country(name,code) VALUES ('United Arab Emirates',784);
INSERT INTO Country(name,code) VALUES ('Oman',512);
INSERT INTO Country(name,code) VALUES ('Pakistan',586);
INSERT INTO Country(name,code) VALUES ('Palau',585);
INSERT INTO Country(name,code) VALUES ('Pales nian Territory (occupied)',275);
INSERT INTO Country(name,code) VALUES ('Panama',591);
INSERT INTO Country(name,code) VALUES ('Papua New Guinea',598);
INSERT INTO Country(name,code) VALUES ('Paraguay',600);
INSERT INTO Country(name,code) VALUES ('Peru',604);
INSERT INTO Country(name,code) VALUES ('Pitcairn',612);
INSERT INTO Country(name,code) VALUES ('Poland',616);
INSERT INTO Country(name,code) VALUES ('Portugal',620);
INSERT INTO Country(name,code) VALUES ('Puerto Rico',630);
INSERT INTO Country(name,code) VALUES ('Reunion',638);
INSERT INTO Country(name,code) VALUES ('Christmas Island',162);
INSERT INTO Country(name,code) VALUES ('Russia (Russian Federation)',643);
INSERT INTO Country(name,code) VALUES ('Rwanda',646);
INSERT INTO Country(name,code) VALUES ('Romania',642);
INSERT INTO Country(name,code) VALUES ('El Salvador',222);
INSERT INTO Country(name,code) VALUES ('Samoa',882);
INSERT INTO Country(name,code) VALUES ('San Marino',674);
INSERT INTO Country(name,code) VALUES ('Sao Tomea and Principe',678);
INSERT INTO Country(name,code) VALUES ('Saudi Arabia',682);
INSERT INTO Country(name,code) VALUES ('Swaziland',748);
INSERT INTO Country(name,code) VALUES ('Svalbard and Jan Mayen Islands',744);
INSERT INTO Country(name,code) VALUES ('St. Helena',654);
INSERT INTO Country(name,code) VALUES ('Korea (North)',408);
INSERT INTO Country(name,code) VALUES ('Northern Mariana Islands',580);
INSERT INTO Country(name,code) VALUES ('Seychelles',690);
INSERT INTO Country(name,code) VALUES ('Saint Vincent and the Grenadines',670);
INSERT INTO Country(name,code) VALUES ('St. Pierre and Miquelon',666);
INSERT INTO Country(name,code) VALUES ('Senegal',686);
INSERT INTO Country(name,code) VALUES ('Saint Kitts (Christopher) and Nevis',659);
INSERT INTO Country(name,code) VALUES ('Saint Lucia',662);
INSERT INTO Country(name,code) VALUES ('Singapore',702);
INSERT INTO Country(name,code) VALUES ('Syria',760);
INSERT INTO Country(name,code) VALUES ('Slovak Republic',703);
INSERT INTO Country(name,code) VALUES ('Slovenia',705);
INSERT INTO Country(name,code) VALUES ('United States of America',840);
INSERT INTO Country(name,code) VALUES ('Solomon Islands',90);
INSERT INTO Country(name,code) VALUES ('Somali',706);
INSERT INTO Country(name,code) VALUES ('Sudan',736);
INSERT INTO Country(name,code) VALUES ('Surinam',740);
INSERT INTO Country(name,code) VALUES ('Sierra Leone',694);
INSERT INTO Country(name,code) VALUES ('Tadjikistan',762);
INSERT INTO Country(name,code) VALUES ('Thailand',764);
INSERT INTO Country(name,code) VALUES ('Taiwan',158);
INSERT INTO Country(name,code) VALUES ('Tanzania',834);
INSERT INTO Country(name,code) VALUES ('Turks and Caicos Islands',796);
INSERT INTO Country(name,code) VALUES ('Togo',768);
INSERT INTO Country(name,code) VALUES ('Tokelau',772);
INSERT INTO Country(name,code) VALUES ('Tonga',776);
INSERT INTO Country(name,code) VALUES ('Trinidad and Tobago',780);
INSERT INTO Country(name,code) VALUES ('Tuvalu',798);
INSERT INTO Country(name,code) VALUES ('Tunisia',788);
INSERT INTO Country(name,code) VALUES ('Turkmenistan',795);
INSERT INTO Country(name,code) VALUES ('Turkey',792);
INSERT INTO Country(name,code) VALUES ('Uganda',800);
INSERT INTO Country(name,code) VALUES ('Uzbekistan',860);
INSERT INTO Country(name,code) VALUES ('Ukraine',804);
INSERT INTO Country(name,code) VALUES ('Wallis and Futuna Islands',876);
INSERT INTO Country(name,code) VALUES ('Uruguay',858);
INSERT INTO Country(name,code) VALUES ('Faroe Islands',234);
INSERT INTO Country(name,code) VALUES ('Fiji',242);
INSERT INTO Country(name,code) VALUES ('Philippines',608);
INSERT INTO Country(name,code) VALUES ('Finland',246);
INSERT INTO Country(name,code) VALUES ('Falkland (Malvinas) Islands',238);
INSERT INTO Country(name,code) VALUES ('France',250);
INSERT INTO Country(name,code) VALUES ('French Guyana',254);
INSERT INTO Country(name,code) VALUES ('French Polynesia',258);
INSERT INTO Country(name,code) VALUES ('Heard and McDonald Islands',334);
INSERT INTO Country(name,code) VALUES ('Croatia',191);
INSERT INTO Country(name,code) VALUES ('Central African Republic',140);
INSERT INTO Country(name,code) VALUES ('Chad',148);
INSERT INTO Country(name,code) VALUES ('Czech Republic',203);
INSERT INTO Country(name,code) VALUES ('Chili',152);
INSERT INTO Country(name,code) VALUES ('Switzerland',756);
INSERT INTO Country(name,code) VALUES ('Sweden',752);
INSERT INTO Country(name,code) VALUES ('Sri Lanka',144);
INSERT INTO Country(name,code) VALUES ('Ecuador',218);
INSERT INTO Country(name,code) VALUES ('Equatorial Guinea',226);
INSERT INTO Country(name,code) VALUES ('Eritrea',232);
INSERT INTO Country(name,code) VALUES ('Estonia',233);
INSERT INTO Country(name,code) VALUES ('Ethiopia',231);
INSERT INTO Country(name,code) VALUES ('Yugoslavia',891);
INSERT INTO Country(name,code) VALUES ('South Africa',710);
INSERT INTO Country(name,code) VALUES ('South Georgia and the South Sandwich Islands',239);
INSERT INTO Country(name,code) VALUES ('Korea (South)',410);
INSERT INTO Country(name,code) VALUES ('Jamaica',388);
INSERT INTO Country(name,code) VALUES ('Japan',392);
INSERT INTO Country(name,code) VALUES ('French Southern Territories',260);
INSERT INTO Country(name,code) VALUES ('British Indian Ocean Territory',86);
INSERT INTO Country(name,code) VALUES ('United States Minor Outlying Islands',581);

INSERT INTO User_Info (id, version, office_id, first_name, position_id, citizenship_code ) VALUES ( 1, 0, 1, 'Viktor', 1, 422 );
INSERT INTO User_Info (id, version, office_id, first_name, position_id, citizenship_code ) VALUES ( 2, 0, 1, 'Andrey', 2, 787 );
INSERT INTO User_Info (id, version, office_id, first_name, position_id ) VALUES ( 3, 0, 1, 'Alex', 2 );
INSERT INTO User_Info (id, version, office_id, first_name, position_id ) VALUES ( 4, 0, 2, 'Andrey', 1 );
INSERT INTO User_Info (id, version, office_id, first_name, position_id ) VALUES ( 5, 0, 3, 'Andrey', 1 );

INSERT INTO Doc (code, name ) VALUES ( 3, 'Свидетельство о рождении' );
INSERT INTO Doc (code, name ) VALUES ( 7, 'Военный билет' );
INSERT INTO Doc (code, name ) VALUES ( 8, 'Временное удостоверение, выданное взамен военного билета' );
INSERT INTO Doc (code, name ) VALUES ( 10, 'Паспорт иностранного гражданина' );
INSERT INTO Doc (code, name ) VALUES ( 11, 'Свидетельство о рассмотрении ходатайства о признании лица
беженцем на территории Российской Федерации по существу' );
INSERT INTO Doc (code, name ) VALUES ( 12, 'Вид на жительство в Российской Федерации' );
INSERT INTO Doc (code, name ) VALUES ( 13, 'Удостоверение беженца' );
INSERT INTO Doc (code, name ) VALUES ( 15, 'Разрешение на временное проживание в Российской Федерации' );
INSERT INTO Doc (code, name ) VALUES ( 18, 'Свидетельство о предоставлении временного убежища на территории
Российской Федерации' );
INSERT INTO Doc (code, name ) VALUES ( 21, 'Паспорт гражданина Российской Федерации' );
INSERT INTO Doc (code, name ) VALUES ( 23, 'Свидетельство о рождении, выданное уполномоченным органом
иностранного государства' );
INSERT INTO Doc (code, name ) VALUES ( 24, 'Удостоверение личности военнослужащего Российской Федерации' );
INSERT INTO Doc (code, name ) VALUES ( 91, 'Иные документы' );

INSERT INTO User_Doc (id, version, user_id, doc_name, doc_number, doc_date ) VALUES ( 1, 0, 1, 'Driver ID', 1111, '2011-11-22' );
INSERT INTO User_Doc (id, version, user_id, doc_name, doc_number, doc_date ) VALUES ( 2, 0, 2, 'Driver ID', 1112, '2010-08-02' );
INSERT INTO User_Doc (id, version, user_id, doc_name, doc_number, doc_date ) VALUES ( 3, 0, 3, 'Passport', 2311, '2008-02-01' );
INSERT INTO User_Doc (id, version, user_id, doc_name, doc_number, doc_date ) VALUES ( 4, 0, 4, 'Passport', 3344, '2015-10-13' );
INSERT INTO User_Doc (id, version, user_id, doc_name, doc_number, doc_date ) VALUES ( 5, 0, 5, 'Passport', 2433, '2014-08-12' );